channel,csv
channel community moderation settings,csv
channel feature data,csv
channel page settings,csv
channel URL configs,csv
search-history,html
watch-history,html
music library songs,csv
Info videos,csv
playlists,csv
Watch later videos,csv
subscriptions,csv
Activities - A list of Google services accessed by,csv
Devices - A list of devices (i,e, Nest, Pixel, iPh,csv
ALERTS-SUBSCRIPTIONS,JSON
Device-3523629920085238499,html
Device-3989475899787597444,html
Collaborations,json
Materials,json
Meetings,json
olivia,lena,johnston049@gmail,com,ics
Addresses and more,json
Bookmarks,html
Device Information,json
Dictionary,csv
Extensions,json
History,json
OS Settings,json
Reading List,html
Settings,json
All Contacts,vcf
Device contacts - Samsung - SM-A125F,vcf
Device contacts - Samsung - SM-A145R,vcf
My Contacts,vcf
Starred in Android,vcf
Not Interested Setting,csv
Your Follows,csv
Your Liked Content,csv
gemini_gems_data,html
gemini_scheduled_actions_data,html
olivia,lena,johnston049,ChangeHistory,html
olivia,lena,johnston049,SubscriberInfo,html
data,json
businessPersonalization,json
user_info,json
Watchlist,json
Profile,txt
conference_history_retention,csv
transactions_124951803506,csv
Money sends and requests,csv
A Murder in Paris (A Year in Europe—Book 1),html
Agent Zero (An Agent Zero Spy Thriller—Book #1),html
All Against All,html
Behind You (A Hailey Rock FBI Suspense Thriller—Bo,html
Body Language_ Use Non-verbal Communication And Nl,html
Dark Psychology and Manipulation,html
ENGLISH LITERATURE,html
For You (A Morgan Cross FBI Suspense Thriller—Book,html
Forget Me Not (A Psychological Suspense Crime Thri,html
GENERAL KNOWLEDGE,html
Girl Without a Chance (A Tara Strong Mystery—Book_,html
Girl, Alone (An Ella Dark FBI Suspense Thriller—Bo,html
Google Classroom for Novice,html
Hacking and Security,html
How To Code in Python 3,html
If She Knew (A Kate Wise Mystery—Book 1),html
Italian, Japanese, Kazakh Fifty-Words Dictionaries,html
Left To Die (An Adele Sharp Mystery—Book One),html
Not Me (A Camille Grace FBI Suspense Thriller—Book,html
Nowhere Safe (A Harley Cole FBI Suspense Thriller—,html
Once Solved (A Riley Paige short story),html
Paediatric Otolaryngology,html
Psychology Hacks_ Defend Yourself From Malicious P,html
R Programming for Beginners,html
Silent Crime,html
The Lying Room,html
The Next Girl,html
The Perfect Girlfriend,html
Too Late (A Morgan Stark FBI Suspense Thriller—Boo,html
Uzbek, Vietnamese, Welsh Fifty-Words Dictionaries,html
Yiddish, Yue Chinese Fifty-Words Dictionaries,html
Activity,html
Recall,html
Activity,html
Recall,html
Achievements,html
Activity,html
Experience,html
Recall,html
Activity,html
Recall,html
Achievements,html
Activity,html
Experience,html
Recall,html
Data,bin
Metadata,html
Scores,html
Activity,html
Recall,html
Data,bin
Metadata,html
Achievements,html
Activity,html
Experience,html
Recall,html
Data,bin
Metadata,html
Scores,html
Avatar,png
Player,html
Playtime,html
Streaks,html
Linked Services,json
Notification Preferences,json
Ratings,json
Streaming Services,json
Watchlist,json
Devices,json
Installs,json
Library,json
Play Settings,json
Promotion History,json
Purchase History,json
Merchant Reviews,csv
Product Reviews,csv
Purchases,json
Returns and Repairs,json
Boarding passes, event tickets and other passes,pdf
README
ApplicationPermissions,json
Automations,json
GoogleNestConnect,json
GoogleNestPartnerConnections,json
HomeApp,json
HomeHistory,json
SecurityAlarmClips,json
SoundSensing,json
Added dishes, products, activities,json
Electric vehicle settings,json
Questions and Answers,json
Requests for services,json
Vehicle profiles,json
Your local followed places,csv
MyActivity,html
MyActivity,html
MyActivity,html
MyActivity,html
MyActivity,html
MyActivity,html
MyActivity,html
MyActivity,html
MyActivity,html
MyActivity,html
MyActivity,html
MyActivity,html
MyActivity,html
MyActivity,html
MyActivity,html
MyActivity,html
MyActivity,html
MyActivity,html
MyActivity,html
MyActivity,html
MyActivity,html
MyActivity,html
MyActivity,html
MyActivity,html
MyActivity,html
MyActivity,html
MyActivity,html
MyActivity,html
MyActivity,html
MyActivity,html
articles,txt
followed_locations,txt
followed_sources,txt
followed_topics,txt
magazines,txt
Profile,json
Default list,csv
Default list(1),csv
Favorite places,csv
Images,csv
Saved for later,csv
Want to go,csv
Streaming video providers,json
Thumbs,json
USER-SETTINGS,CSV
USER-SUBSCRIPTIONS,CSV
Tasks,json
Settings,json
WhatsApp Chat with Famalamily,txt
pinterest.html